experiment,uses_pre_cv_fe,stage,feature_group,model_name,group,status,error_type,error_message,test_accuracy_mean,test_accuracy_std,train_accuracy_mean,train_accuracy_std,test_precision_mean,test_precision_std,train_precision_mean,train_precision_std,test_recall_mean,test_recall_std,train_recall_mean,train_recall_std,test_f1_mean,test_f1_std,train_f1_mean,train_f1_std,fit_time_mean,score_time_mean,pre_cv_scope,domain,notes,tags
fs__baseline__logreg,False,fs,baseline,logreg,fs__baseline,success,,,0.825,0.025,0.832,0.007,0.784,0.027,0.799,0.011,0.751,0.069,0.753,0.013,0.765,0.042,0.775,0.011,0.029,0.017,,logreg,Baseline configuration for LogReg feature selection.Starts from the raw model configuration with Title added.,set()
fs01__age_cb03__logreg,False,fs01,age_cb03,logreg,fs01__age_cb03,success,,,0.828,0.021,0.839,0.006,0.797,0.029,0.812,0.01,0.742,0.057,0.755,0.014,0.767,0.034,0.782,0.009,0.044,0.027,,logreg,experiment 01 for LogReg feature selection.Title + Cb03 (age imputed by title and pclass + age bins).,set()
fs01__age_cb02__logreg,False,fs01,age_cb02,logreg,fs01__age_cb02,success,,,0.827,0.025,0.836,0.008,0.787,0.03,0.803,0.012,0.754,0.068,0.757,0.015,0.769,0.041,0.779,0.011,0.046,0.031,,logreg,"experiment 01 for LogReg feature selection, second attempt.Title + Cb02 (age imputed by title + age bins).",set()
fs02__family_cb07__logreg,False,fs02,family_cb07,logreg,fs02__family_cb07,success,,,0.828,0.02,0.838,0.005,0.794,0.029,0.807,0.008,0.748,0.059,0.759,0.011,0.769,0.034,0.782,0.008,0.037,0.036,,logreg,experiment 02 for LogReg feature selection.addition of cb07 all family features.,set()
fs02__family_fe01__logreg,False,fs02,family_fe01,logreg,fs02__family_fe01,success,,,0.829,0.018,0.838,0.006,0.799,0.031,0.807,0.01,0.745,0.061,0.758,0.011,0.769,0.032,0.782,0.008,0.042,0.035,,logreg,experiment 02 for LogReg feature selection.addition of fe01 - Family in place of SibSp and Parch.,set()
fs03__cabin_fe04__logreg,False,fs03,cabin_fe04,logreg,fs03__cabin_fe04,success,,,0.834,0.016,0.844,0.004,0.802,0.034,0.809,0.005,0.757,0.057,0.777,0.011,0.777,0.027,0.793,0.006,0.034,0.027,,logreg,experiment 03 for LogReg feature selection.addition of fe04 - cabin features.,set()
fs04__ticket_fe09_batch__logreg,False,fs04,ticket_fe09_batch,logreg,fs04__ticket_fe09_batch,success,,,0.835,0.018,0.845,0.004,0.804,0.032,0.811,0.005,0.757,0.059,0.776,0.012,0.778,0.03,0.793,0.006,0.056,0.037,,logreg,"experiment 04 for LogReg feature selection.addition of fe09 - ticket group size, batch approach.",{'batch_context'}
fs04__ticket_fe09_fitted__logreg,False,fs04,ticket_fe09_fitted,logreg,fs04__ticket_fe09_fitted,success,,,0.835,0.018,0.845,0.004,0.804,0.032,0.811,0.005,0.757,0.059,0.776,0.012,0.778,0.03,0.793,0.006,0.044,0.028,,logreg,"experiment 04 for LogReg feature selection.addition of fe09 - ticket group size, fitted approach.",set()
fs04__ticket_fe09_full_context__logreg,True,fs04,ticket_fe09_full_context,logreg,fs04__ticket_fe09_full_context,success,,,0.834,0.017,0.845,0.004,0.801,0.036,0.81,0.007,0.76,0.056,0.778,0.012,0.778,0.027,0.794,0.006,0.041,0.027,full_prediction_context,logreg,"experiment 04 for LogReg feature selection.addition of fe09 - ticket group size, full_context approach.",{'full_context'}
